INSERT INTO USERS(UiD, Username, Email, HeightFeet, HeightInches, Birthdate, Goal, Password, JoinDate, Gender, FName, Minit, LName) VALUES
   (1, 'KillertheGhost837', 'FrancesJanise1@gmail.com', 4, 6, '1969-8-31', 90, 'kehGtjzJKxgs', '2007-5-31', 'F', 'Frances', 'Y', 'Janise'),
   (2, 'FlameBone', 'DarwinSomer2@yahoo.com', 6, 3, '1993-4-30', 215, 'sQcrbbOIh', '2008-10-31', 'F', 'Darwin', 'Y', 'Somer'),
   (3, 'theMoon324', 'AngelinaBuddy3@mst.edu', 4, 9, '1919-5-31', 288, 'ReYyhItNgI', '2013-9-30', 'M', 'Angelina', 'D', 'Buddy'),
   (4, 'AvengertheDoom', 'EarleenQuintony4@yahoo.com', 4, 8, '1927-11-30', 131, 'jMitvMKGXKfZG', '2015-11-30', 'M', 'Earleen', 'N', 'Quintony'),
   (5, 'GreattheEnigma24', 'AdahConception5@iCloud.com', 5, 3, '1926-11-30', 143, 'RPqBcmGROBC', '2012-2-29', 'M', 'Adah', 'P', 'Conception'),
   (6, 'FireWish195', 'ClemenciaJames6@gmail.com', 4, 4, '1916-8-31', 172, 'rWCPdrZzVsHzWAS', '2004-5-31', 'M', 'Clemencia', 'M', 'James'),
   (7, 'SinistertheFire', 'BeauEdith7@mst.edu', 4, 11, '1964-12-31', 151, 'AuLHjqVhh', '2003-3-31', 'M', 'Beau', 'A', 'Edith'),
   (8, 'EmbertheSkull582', 'EmmittEllsworth8@apple.com', 6, 10, '1952-1-31', 199, 'OdmbANXWkq', '2007-1-31', 'F', 'Emmitt', 'V', 'Ellsworth'),
   (9, 'MoontheOutlaw', 'CassiHope9@yahoo.com', 5, 4, '1915-6-30', 271, 'RcCJQkazXFGjkx', '2000-2-29', 'M', 'Cassi', 'G', 'Hope'),
   (10, 'GodDeadly', 'ArthurHazel10@google.com', 6, 11, '1984-2-29', 245, 'WXCZYFLl', '2009-3-31', 'M', 'Arthur', 'A', 'Hazel'),
   (11, 'KnighttheEater', 'EfrenRaven11@google.com', 6, 9, '1944-6-30', 277, 'BBfOZTvP', '2016-11-30', 'F', 'Efren', 'N', 'Raven'),
   (12, 'EnigmatheSeeker553', 'FreddyRandy12@iCloud.com', 5, 9, '1911-8-31', 242, 'mHMSASUGmNn', '2008-1-31', 'M', 'Freddy', 'Q', 'Randy'),
   (13, 'SharptheWish386', 'DonitaSalvador13@mst.edu', 5, 8, '1921-10-31', 137, 'iyDZRWHaKNPP', '2011-2-28', 'F', 'Donita', 'A', 'Salvador'),
   (14, 'NinjatheSniper527', 'DeeannaRomaine14@yahoo.com', 6, 10, '1995-10-31', 104, 'lQzOcNEuvPbd', '2010-4-30', 'M', 'Deeanna', 'R', 'Romaine'),
   (15, 'EaterEater', 'AngelineJene15@apple.com', 5, 6, '1931-4-30', 278, 'mQAzTKyfjolte', '2007-4-30', 'F', 'Angeline', 'C', 'Jene'),
   (16, 'BodhitheGhost', 'DennyBooker16@apple.com', 5, 7, '1989-2-28', 266, 'gXhhtQfJooDQzGD', '2015-8-31', 'F', 'Denny', 'C', 'Booker'),
   (17, 'PacMantheDeath', 'DeniceChet17@google.com', 5, 4, '1928-8-31', 285, 'MChTlkUtU', '2005-11-30', 'F', 'Denice', 'A', 'Chet'),
   (18, 'MistSniper277', 'ErickRoycey18@apple.com', 6, 3, '1965-11-30', 282, 'lFCOjvDae', '2000-5-31', 'M', 'Erick', 'N', 'Roycey'),
   (19, 'PlayboyDemon', 'AnjelicaMaris19@apple.com', 4, 3, '1949-11-30', 117, 'CzxXYAitkl', '2007-6-30', 'F', 'Anjelica', 'O', 'Maris'),
   (20, 'BrainPacMan', 'EdmundMaida20@mst.edu', 6, 3, '1916-12-31', 260, 'JrORnpAcBbjlr', '2014-10-31', 'F', 'Edmund', 'L', 'Maida'),
   (21, 'DemontheFate', 'AmadaMaple21@yahoo.com', 4, 4, '1961-12-31', 122, 'YONkBEIClE', '2010-6-30', 'M', 'Amada', 'S', 'Maple'),
   (22, 'FireEmber', 'CecilyWilliams22@mst.edu', 4, 7, '1914-4-30', 166, 'PaYPytnz', '2011-9-30', 'M', 'Cecily', 'D', 'Williams'),
   (23, 'GreattheEmber668', 'DwayneWilfredte23@apple.com', 5, 5, '1946-7-31', 221, 'OMiSsSOSELMZN', '2010-9-30', 'F', 'Dwayne', 'F', 'Wilfredte'),
   (24, 'LuretheSnare475', 'AmericaAlbertatine24@yahoo.com', 4, 4, '1908-8-31', 189, 'bHmjZptN', '2008-7-31', 'F', 'America', 'A', 'Albertatine'),
   (25, 'CompaniontheSnare560', 'DorthaBennett25@iCloud.com', 4, 7, '1971-3-31', 245, 'wOlSFVEqsT', '2004-7-31', 'F', 'Dortha', 'B', 'Bennett'),
   (26, 'EatertheSkull792', 'CristinGarnett26@iCloud.com', 6, 5, '1944-12-31', 277, 'GnVxcloaoF', '2010-3-31', 'M', 'Cristin', 'P', 'Garnett'),
   (27, 'AssasintheBurn', 'GeraldChristin27@apple.com', 6, 8, '1987-6-30', 160, 'MhPboPrtnubd', '2013-3-31', 'F', 'Gerald', 'X', 'Christin'),
   (28, 'LuretheSniper724', 'AlmedaGracia28@iCloud.com', 4, 8, '1987-4-30', 240, 'hgiZzYcAjP', '2010-3-31', 'M', 'Almeda', 'V', 'Gracia'),
   (29, 'LureBrain645', 'EmeliaSanford29@apple.com', 6, 7, '1978-5-31', 98, 'MbVXluzSbLB', '2006-2-28', 'F', 'Emelia', 'J', 'Sanford'),
   (30, 'EmberEater150', 'AmmieWilford30@google.com', 4, 2, '1971-7-31', 107, 'CdphdzbHwv', '2009-3-31', 'F', 'Ammie', 'P', 'Wilford'),
   (31, 'SniperPacMan', 'BrigetteAndres31@apple.com', 6, 0, '1941-11-30', 292, 'vAjaTTrc', '2009-6-30', 'M', 'Brigette', 'I', 'Andres'),
   (32, 'GodtheDemon', 'EddieBarrett32@iCloud.com', 4, 10, '1947-11-30', 120, 'hjjlyrWAEBhhuuX', '1998-5-31', 'F', 'Eddie', 'F', 'Barrett'),
   (33, 'SeekerLure', 'CarolaManda33@yahoo.com', 5, 11, '1950-8-31', 105, 'YbtwAAFQzuxu', '2012-4-30', 'M', 'Carola', 'V', 'Manda'),
   (34, 'SinistertheDoctor763', 'EnedinaAlialicialy34@gmail.com', 4, 8, '1922-7-31', 161, 'QNVSCPyZjG', '1998-12-31', 'M', 'Enedina', 'G', 'Alialicialy'),
   (35, 'SnaretheDark', 'AwildaMalena35@iCloud.com', 5, 4, '1904-9-30', 278, 'QuTxYKEPWsH', '2012-7-31', 'F', 'Awilda', 'Y', 'Malena'),
   (36, 'KnighttheNinja', 'DorlaPaulina36@gmail.com', 4, 5, '1947-8-31', 210, 'oGPDoiVrapVpkb', '2005-5-31', 'F', 'Dorla', 'N', 'Paulina'),
   (37, 'ArrowtheBlaze', 'ErickaCalebnaria37@apple.com', 6, 10, '1974-2-28', 270, 'yeGRTAAYz', '2005-1-31', 'F', 'Ericka', 'Q', 'Calebnaria'),
   (38, 'WishtheMist', 'GeorgetteDudleyy38@apple.com', 4, 10, '1913-4-30', 247, 'yNeahrM', '2010-2-28', 'M', 'Georgette', 'A', 'Dudleyy'),
   (39, 'MisttheBlaze983', 'BaoMarcell39@apple.com', 5, 4, '1961-4-30', 291, 'oksusOnbpybpUy', '2003-10-31', 'F', 'Bao', 'I', 'Marcell'),
   (40, 'BonetheCaptain', 'ErlineMartha40@yahoo.com', 6, 3, '1950-7-31', 249, 'eTvMqNGRx', '2000-12-31', 'F', 'Erline', 'X', 'Martha'),
   (41, 'FrozentheEnigma554', 'AndreaJasperly41@gmail.com', 6, 7, '1967-4-30', 171, 'bXqWSzvX', '1999-2-28', 'F', 'Andrea', 'B', 'Jasperly'),
   (42, 'OutlawWish733', 'FerdinandMailely42@google.com', 6, 11, '1943-1-31', 228, 'qaIlLPkswfc', '2006-5-31', 'F', 'Ferdinand', 'C', 'Mailely'),
   (43, 'CompaniontheInfinite279', 'EnochMarlinis43@yahoo.com', 4, 10, '1911-12-31', 269, 'wxSeTXFoWU', '2001-3-31', 'M', 'Enoch', 'Y', 'Marlinis'),
   (44, 'SnipertheSniper165', 'BrentonHerb44@apple.com', 4, 8, '1962-9-30', 275, 'ILooYsL', '2002-7-31', 'M', 'Brenton', 'Z', 'Herb'),
   (45, 'FlameAssasin', 'GeorgeannSalvador45@apple.com', 6, 3, '1964-3-31', 113, 'mUHlIxoYBP', '2012-10-31', 'F', 'Georgeann', 'N', 'Salvador'),
   (46, 'ShadowDoom689', 'DorethaCarson46@google.com', 6, 0, '1928-2-29', 149, 'vaNtHpwbWHgQTB', '2000-6-30', 'F', 'Doretha', 'O', 'Carson'),
   (47, 'EaterAssasin40', 'DerekTena47@gmail.com', 6, 3, '1978-6-30', 130, 'npAwbTbfLcUE', '2011-2-28', 'F', 'Derek', 'Y', 'Tena'),
   (48, 'EvilSniper827', 'ChristenaShae48@apple.com', 4, 0, '1990-1-31', 143, 'TWmQBHFJvc', '1999-12-31', 'F', 'Christena', 'R', 'Shae'),
   (49, 'SkulltheNeo22', 'GrantJasmine49@google.com', 5, 1, '1980-5-31', 187, 'RgNcxFRdX', '2008-10-31', 'F', 'Grant', 'B', 'Jasmine'),
   (50, 'BoneBone292', 'CarolynnJason50@yahoo.com', 5, 3, '1975-9-30', 270, 'YWKIbiha', '2006-2-28', 'M', 'Carolynn', 'H', 'Jason');

INSERT INTO GROUPS(GiD, Moderator, title, startDate) VALUES
   (1, 50, 'Axl Rotten & Ian Rotten', '1935-10-31'),
   (2, 3, 'Bad Company', '1931-8-31'),
   (3, 13, 'Dark And Lovely', '1953-10-31'),
   (4, 13, '2 Madd', '1906-5-31'),
   (5, 44, 'Missouri Bad Boys', '2012-12-31'),
   (6, 46, 'Mind And Matter', '1937-6-30'),
   (7, 21, '2.0', '2008-6-30'),
   (8, 37, 'Happy Trails', '1933-5-31'),
   (9, 29, 'Ox And Hammer', '1968-10-31'),
   (10, 28, 'Bad Guys', '1901-6-30'),
   (11, 42, '2 Man Power Trip', '1941-1-31'),
   (12, 49, 'Dangerzone', '2005-12-31'),
   (13, 16, 'Gullguttene', '1927-2-28'),
   (14, 26, 'Parental Advisory', '1989-12-31'),
   (15, 44, 'Paramedics', '1984-1-31'),
   (16, 33, 'Lords Of Kaos', '1980-9-30'),
   (17, 32, 'Dave Taylor & Steven Regal', '1946-8-31'),
   (18, 37, 'Midnight In Vegas', '1906-3-31'),
   (19, 42, 'Liverpool Lads', '1995-2-28'),
   (20, 34, 'Deadly Sinners', '2003-3-31'),
   (21, 25, 'Grubby Holler Boys', '1989-11-30'),
   (22, 39, 'Fabulous Bodies', '1970-6-30'),
   (23, 13, 'Jamaican Funk', '1932-7-31'),
   (24, 45, 'JCLA', '1980-3-31'),
   (25, 18, 'Mind And Matter', '1994-1-31'),
   (26, 30, 'Rocker Boy I & Rocker Boy II', '1911-7-31'),
   (27, 19, 'Faces Of Death', '2007-10-31'),
   (28, 30, '2 Legit Redux', '1967-3-31'),
   (29, 47, 'Atsushi Kotoge & Daisuke Harada', '1984-6-30'),
   (30, 46, '2 Madd', '1975-1-31'),
   (31, 46, 'Pacifica Islanders', '1909-8-31'),
   (32, 10, '4th Dimension', '2007-11-30'),
   (33, 27, 'Ox And Hammer', '1989-11-30'),
   (34, 10, 'Pacific Coast Heroes', '1958-11-30'),
   (35, 27, 'Dark City Fight Club', '1906-10-31'),
   (36, 1, 'Gunning For Hookers', '1960-10-31'),
   (37, 21, 'Brute Forcz', '1992-3-31'),
   (38, 35, 'Hardys', '1992-8-31'),
   (39, 45, '2 Skinny White Guys', '1985-4-30'),
   (40, 45, 'Brute Force', '2001-6-30'),
   (41, 27, 'Bucky Boys', '1903-10-31'),
   (42, 8, 'Awesome Twosome', '1921-6-30'),
   (43, 13, 'Party Boys', '1996-1-31'),
   (44, 41, 'Buckout Road Ballers', '1925-10-31'),
   (45, 8, 'Mike Barton & Wolf Hawkfield', '1976-11-30'),
   (46, 38, 'Brothers Lockhart', '1927-2-28'),
   (47, 4, 'Hard Riders', '1947-2-28'),
   (48, 12, 'Rock Star Mafia', '2001-8-31'),
   (49, 47, 'Party Seekers', '1987-2-28'),
   (50, 36, '#HIGHLION', '1959-9-30');

INSERT INTO MEMBERS(UiD, GiD) VALUES
   (19, 15),
   (31, 13),
   (6, 11),
   (25, 49),
   (18, 38),
   (21, 5),
   (37, 11),
   (18, 31),
   (20, 37),
   (50, 48),
   (12, 7),
   (2, 47),
   (2, 31),
   (26, 47),
   (21, 20),
   (19, 8),
   (41, 34),
   (6, 37),
   (12, 5),
   (41, 22),
   (49, 22),
   (39, 33),
   (21, 4),
   (28, 49),
   (30, 43),
   (38, 12),
   (5, 37),
   (26, 14),
   (35, 18),
   (45, 44),
   (26, 21),
   (31, 36),
   (16, 46),
   (14, 10),
   (43, 31),
   (4, 31),
   (17, 39),
   (17, 13),
   (22, 23),
   (38, 3),
   (8, 37),
   (45, 49),
   (2, 19),
   (2, 7),
   (29, 20),
   (4, 5),
   (29, 36),
   (19, 14),
   (23, 36),
   (8, 17);

INSERT INTO CARDIO(WiD, Duration, Title, Intensity, CaloriesBurned, UiD) VALUES
   (1, '2:04', 'Walk', 4, 186, 8),
   (2, '2:09', 'Walk', 0, 193.5, 1),
   (3, '0:21', 'Walk', 3, 31.5, 26),
   (4, '2:39', 'Walk', 1, 238.5, 49),
   (5, '1:45', 'Walk', 2, 157.5, 7),
   (6, '2:21', 'Walk', 3, 211.5, 46),
   (7, '0:05', 'Walk', 3, 7.5, 20),
   (8, '0:36', 'Walk', 5, 54, 3),
   (9, '0:16', 'Walk', 1, 24, 5),
   (10, '2:43', 'Walk', 7, 244.5, 34),
   (11, '2:07', 'Walk', 7, 190.5, 9),
   (12, '2:43', 'Walk', 9, 244.5, 43),
   (13, '1:52', 'Walk', 6, 168, 28),
   (14, '2:03', 'Walk', 10, 184.5, 8),
   (15, '1:27', 'Walk', 7, 130.5, 36),
   (16, '1:34', 'Walk', 2, 141, 44),
   (17, '0:57', 'Walk', 1, 85.5, 9),
   (18, '2:49', 'Walk', 10, 253.5, 29),
   (19, '0:56', 'Walk', 9, 84, 17),
   (20, '1:37', 'Walk', 2, 145.5, 8),
   (21, '1:00', 'Walk', 1, 90, 12),
   (22, '0:08', 'Walk', 3, 12, 31),
   (23, '0:27', 'Walk', 10, 40.5, 45),
   (24, '0:38', 'Walk', 9, 57, 43),
   (25, '1:15', 'Walk', 3, 112.5, 37),
   (26, '2:17', 'Walk', 8, 205.5, 29),
   (27, '2:56', 'Walk', 2, 264, 25),
   (28, '2:06', 'Walk', 2, 189, 1),
   (29, '1:36', 'Walk', 10, 144, 40),
   (30, '2:01', 'Walk', 10, 181.5, 17),
   (31, '1:17', 'Walk', 6, 115.5, 19),
   (32, '1:13', 'Walk', 10, 109.5, 44),
   (33, '2:24', 'Walk', 1, 216, 10),
   (34, '1:31', 'Walk', 9, 136.5, 15),
   (35, '2:28', 'Walk', 6, 222, 18),
   (36, '1:59', 'Walk', 6, 178.5, 17),
   (37, '2:17', 'Walk', 4, 205.5, 45),
   (38, '2:06', 'Walk', 9, 189, 33),
   (39, '1:09', 'Walk', 0, 103.5, 29),
   (40, '1:21', 'Walk', 9, 121.5, 30),
   (41, '2:26', 'Walk', 7, 219, 7),
   (42, '2:11', 'Walk', 9, 196.5, 2),
   (43, '1:53', 'Walk', 7, 169.5, 14),
   (44, '1:04', 'Walk', 10, 96, 37),
   (45, '2:16', 'Walk', 3, 204, 47),
   (46, '0:45', 'Walk', 3, 67.5, 43),
   (47, '0:50', 'Walk', 2, 75, 32),
   (48, '0:34', 'Walk', 4, 51, 13),
   (49, '1:04', 'Walk', 2, 96, 44),
   (50, '1:14', 'Walk', 0, 111, 36);

INSERT INTO WORKOUT(WiD, Duration, Title, Intensity, CaloriesBurned, UiD) VALUES
   (51, '0:16', 'FreeWeights', 0, 24, 25),
   (52, '0:12', 'Pushups', 1, 18, 31),
   (53, '2:45', 'FreeWeights', 7, 247.5, 29),
   (54, '0:04', 'FreeWeights', 10, 6, 7),
   (55, '0:11', 'FreeWeights', 10, 16.5, 33),
   (56, '1:56', 'Crunches', 2, 174, 46),
   (57, '0:21', 'Pushups', 9, 31.5, 5),
   (58, '2:29', 'FreeWeights', 6, 223.5, 48),
   (59, '2:25', 'FreeWeights', 5, 217.5, 35),
   (60, '0:09', 'FreeWeights', 0, 13.5, 29),
   (61, '1:11', 'FreeWeights', 8, 106.5, 16),
   (62, '2:15', 'Crunches', 6, 202.5, 26),
   (63, '1:56', 'Pushups', 2, 174, 38),
   (64, '2:42', 'Crunches', 6, 243, 15),
   (65, '0:12', 'FreeWeights', 8, 18, 45),
   (66, '0:46', 'FreeWeights', 10, 69, 29),
   (67, '0:46', 'Pushups', 8, 69, 10),
   (68, '1:19', 'FreeWeights', 6, 118.5, 36),
   (69, '2:46', '', 3, 249, 43),
   (70, '0:10', 'Pushups', 4, 15, 18),
   (71, '0:26', 'Crunches', 7, 39, 32),
   (72, '1:22', 'FreeWeights', 7, 123, 42),
   (73, '1:02', 'Crunches', 9, 93, 22),
   (74, '2:04', 'FreeWeights', 10, 186, 24),
   (75, '0:51', 'Crunches', 0, 76.5, 25),
   (76, '2:56', 'FreeWeights', 4, 264, 2),
   (77, '2:38', 'FreeWeights', 6, 237, 35),
   (78, '0:18', 'FreeWeights', 1, 27, 45),
   (79, '2:05', 'FreeWeights', 9, 187.5, 41),
   (80, '0:58', 'FreeWeights', 5, 87, 50),
   (81, '1:37', 'Crunches', 8, 145.5, 48),
   (82, '0:04', '', 7, 6, 40),
   (83, '1:56', 'Pushups', 1, 174, 49),
   (84, '2:35', 'FreeWeights', 3, 232.5, 5),
   (85, '2:06', 'Crunches', 4, 189, 35),
   (86, '1:59', 'FreeWeights', 9, 178.5, 37),
   (87, '0:52', 'Crunches', 9, 78, 8),
   (88, '0:37', 'FreeWeights', 1, 55.5, 23),
   (89, '0:30', 'FreeWeights', 2, 45, 35),
   (90, '2:55', 'FreeWeights', 0, 262.5, 9),
   (91, '0:39', 'Crunches', 8, 58.5, 37),
   (92, '1:56', 'FreeWeights', 9, 174, 33),
   (93, '0:08', 'FreeWeights', 4, 12, 41),
   (94, '1:18', 'FreeWeights', 0, 117, 49),
   (95, '1:03', 'Crunches', 5, 94.5, 34),
   (96, '1:06', 'FreeWeights', 5, 99, 24),
   (97, '0:46', 'Pushups', 9, 69, 9),
   (98, '2:54', 'FreeWeights', 4, 261, 17),
   (99, '1:26', 'FreeWeights', 4, 129, 21),
   (100, '1:12', 'FreeWeights', 9, 108, 38);

INSERT INTO CARDIO(WiDAverageHeartRate, AverageSpeed, DistanceCovered) VALUES
   (194, 18, 9),
   (2161, 15, 16),
   (3107, 8, 5),
   (4182, 16, 22),
   (569, 20, 14),
   (6186, 17, 19),
   (7118, 3, 10),
   (8162, 8, 20),
   (9143, 5, 11),
   (10144, 16, 6),
   (1198, 7, 25),
   (12116, 20, 6),
   (1393, 10, 24),
   (1482, 18, 14),
   (1585, 1, 13),
   (16188, 12, 2),
   (17151, 4, 5),
   (18194, 10, 11),
   (19156, 18, 7),
   (20199, 3, 21),
   (21190, 4, 14),
   (22125, 5, 1),
   (23195, 8, 26),
   (24148, 20, 3),
   (25185, 14, 26),
   (26191, 18, 7),
   (27162, 12, 5),
   (28127, 14, 16),
   (29182, 18, 23),
   (30121, 2, 10),
   (31189, 4, 20),
   (32166, 19, 2),
   (33131, 18, 1),
   (34179, 7, 13),
   (35159, 18, 18),
   (36122, 17, 8),
   (3790, 2, 1),
   (38148, 20, 10),
   (39182, 3, 7),
   (4086, 1, 4),
   (41163, 5, 16),
   (42151, 5, 21),
   (43106, 14, 4),
   (44121, 19, 16),
   (45136, 4, 5),
   (46155, 1, 19),
   (47154, 2, 7),
   (48103, 16, 9),
   (49176, 1, 11),
   (5074, 12, 14);

INSERT INTO STRENGTH(WiDTargetZone) VALUES
   (51, 'Legs'),
   (52, 'Arms'),
   (53, 'Legs'),
   (54, 'Arms'),
   (55, 'Arms'),
   (56, 'Legs'),
   (57, 'Arms'),
   (58, 'Back'),
   (59, 'Back'),
   (60, 'Back'),
   (61, 'Arms'),
   (62, 'Legs'),
   (63, 'Arms'),
   (64, 'Legs'),
   (65, 'Arms'),
   (66, 'Back'),
   (67, 'Arms'),
   (68, 'Back'),
   (69, 'Back'),
   (70, 'Arms'),
   (71, 'Legs'),
   (72, 'Legs'),
   (73, 'Legs'),
   (74, 'Back'),
   (75, 'Legs'),
   (76, 'Legs'),
   (77, 'Back'),
   (78, 'Back'),
   (79, 'Back'),
   (80, 'Legs'),
   (81, 'Legs'),
   (82, 'Arms'),
   (83, 'Arms'),
   (84, 'Legs'),
   (85, 'Legs'),
   (86, 'Legs'),
   (87, 'Legs'),
   (88, 'Legs'),
   (89, 'Legs'),
   (90, 'Arms'),
   (91, 'Legs'),
   (92, 'Legs'),
   (93, 'Back'),
   (94, 'Back'),
   (95, 'Legs'),
   (96, 'Legs'),
   (97, 'Arms'),
   (98, 'Back'),
   (99, 'Arms'),
   (100, 'Arms');

INSERT INTO WEIGHT(UiD, Date_stamp, Time_stamp, Weight) VALUES
   (1, '2014-7-31', '22:30', 283),
   (2, '2012-3-31', '21:2', 263),
   (3, '2016-2-29', '21:11', 215),
   (4, '2014-7-31', '15:36', 152),
   (5, '2012-5-31', '22:42', 208),
   (6, '2014-7-31', '1:50', 96),
   (7, '2013-7-31', '20:39', 95),
   (8, '2015-2-28', '23:9', 263),
   (9, '2015-7-31', '7:33', 214),
   (10, '2013-3-31', '13:31', 275),
   (11, '2013-7-31', '14:20', 111),
   (12, '2016-10-31', '23:48', 151),
   (13, '2011-1-31', '1:50', 280),
   (14, '2016-10-31', '20:48', 234),
   (15, '2013-3-31', '16:31', 100),
   (16, '2016-1-31', '7:34', 133),
   (17, '2012-8-31', '6:36', 160),
   (18, '2014-5-31', '16:30', 288),
   (19, '2013-4-30', '4:16', 235),
   (20, '2014-7-31', '12:20', 217),
   (21, '2016-12-31', '4:59', 110),
   (22, '2015-5-31', '7:56', 97),
   (23, '2014-6-30', '14:0', 206),
   (24, '2013-7-31', '23:53', 105),
   (25, '2016-3-31', '5:29', 196),
   (26, '2014-4-30', '23:52', 133),
   (27, '2014-10-31', '18:4', 188),
   (28, '2016-4-30', '1:3', 130),
   (29, '2016-11-30', '18:33', 120),
   (30, '2015-10-31', '5:49', 142),
   (31, '2013-11-30', '21:9', 241),
   (32, '2013-4-30', '15:38', 92),
   (33, '2013-2-28', '22:54', 209),
   (34, '2012-6-30', '9:29', 290),
   (35, '2013-3-31', '5:7', 141),
   (36, '2015-4-30', '19:47', 94),
   (37, '2012-6-30', '3:30', 251),
   (38, '2014-7-31', '10:39', 244),
   (39, '2013-8-31', '10:51', 206),
   (40, '2014-11-30', '13:18', 99),
   (41, '2015-6-30', '10:48', 289),
   (42, '2015-6-30', '3:38', 179),
   (43, '2013-3-31', '5:22', 95),
   (44, '2016-11-30', '15:8', 122),
   (45, '2012-4-30', '9:56', 239),
   (46, '2014-7-31', '16:13', 183),
   (47, '2011-10-31', '3:36', 142),
   (48, '2014-10-31', '11:36', 226),
   (49, '2016-2-29', '4:17', 234),
   (50, '2013-1-31', '16:38', 248);

INSERT INTO ARM(UiD, Date_stamp, Time_stamp, Arm) VALUES
   (1, '2012-11-30', '9:40', 23),
   (2, '2013-8-31', '8:3', 22),
   (3, '2012-2-29', '1:45', 28),
   (4, '2014-4-30', '5:47', 25),
   (5, '2013-12-31', '1:53', 23),
   (6, '2014-10-31', '10:55', 24),
   (7, '2013-2-28', '11:19', 23),
   (8, '2016-9-30', '0:2', 28),
   (9, '2012-10-31', '15:42', 26),
   (10, '2014-1-31', '18:19', 25),
   (11, '2011-1-31', '18:33', 22),
   (12, '2015-4-30', '8:37', 21),
   (13, '2012-1-31', '10:18', 23),
   (14, '2011-11-30', '4:48', 24),
   (15, '2015-9-30', '14:17', 23),
   (16, '2012-12-31', '11:24', 21),
   (17, '2011-12-31', '20:40', 29),
   (18, '2013-8-31', '21:59', 27),
   (19, '2012-5-31', '15:27', 21),
   (20, '2016-9-30', '22:0', 27),
   (21, '2011-10-31', '17:52', 24),
   (22, '2012-6-30', '20:8', 28),
   (23, '2015-8-31', '13:34', 26),
   (24, '2012-6-30', '20:5', 23),
   (25, '2011-11-30', '10:50', 23),
   (26, '2013-1-31', '2:27', 25),
   (27, '2013-10-31', '8:59', 27),
   (28, '2011-4-30', '20:53', 22),
   (29, '2011-2-28', '10:12', 25),
   (30, '2015-5-31', '22:41', 25),
   (31, '2011-7-31', '2:32', 29),
   (32, '2016-12-31', '4:37', 23),
   (33, '2013-1-31', '20:56', 27),
   (34, '2011-6-30', '13:10', 26),
   (35, '2011-8-31', '12:29', 27),
   (36, '2011-6-30', '3:19', 24),
   (37, '2012-6-30', '8:21', 27),
   (38, '2015-12-31', '21:22', 21),
   (39, '2015-12-31', '18:36', 27),
   (40, '2014-7-31', '13:7', 29),
   (41, '2015-2-28', '7:52', 27),
   (42, '2013-11-30', '21:8', 24),
   (43, '2016-11-30', '21:25', 23),
   (44, '2016-3-31', '17:50', 29),
   (45, '2014-4-30', '9:17', 26),
   (46, '2015-7-31', '7:27', 25),
   (47, '2016-3-31', '22:55', 29),
   (48, '2015-11-30', '5:46', 23),
   (49, '2012-1-31', '7:51', 23),
   (50, '2014-9-30', '18:19', 21);

INSERT INTO CHEST(UiD, Date_stamp, Time_stamp, Chest) VALUES
   (1, '2014-6-30', '21:22', 39),
   (2, '2016-2-29', '21:33', 41),
   (3, '2011-1-31', '13:24', 38),
   (4, '2016-2-29', '9:15', 42),
   (5, '2014-3-31', '16:19', 36),
   (6, '2012-8-31', '2:41', 39),
   (7, '2013-5-31', '9:23', 37),
   (8, '2015-3-31', '14:56', 37),
   (9, '2013-1-31', '23:57', 41),
   (10, '2016-5-31', '8:28', 36),
   (11, '2015-10-31', '4:44', 40),
   (12, '2015-4-30', '9:8', 37),
   (13, '2014-2-28', '3:0', 42),
   (14, '2015-1-31', '16:28', 38),
   (15, '2012-2-29', '9:12', 36),
   (16, '2012-12-31', '3:11', 37),
   (17, '2016-11-30', '13:7', 41),
   (18, '2012-3-31', '0:52', 36),
   (19, '2013-9-30', '17:19', 40),
   (20, '2011-12-31', '0:28', 42),
   (21, '2011-8-31', '16:39', 36),
   (22, '2016-3-31', '7:4', 38),
   (23, '2011-9-30', '22:16', 42),
   (24, '2015-4-30', '0:19', 37),
   (25, '2012-4-30', '9:9', 37),
   (26, '2014-2-28', '22:44', 38),
   (27, '2013-10-31', '21:8', 40),
   (28, '2015-12-31', '20:25', 41),
   (29, '2014-2-28', '3:3', 36),
   (30, '2011-4-30', '2:53', 37),
   (31, '2015-6-30', '8:48', 37),
   (32, '2013-7-31', '3:32', 39),
   (33, '2014-5-31', '22:5', 39),
   (34, '2015-12-31', '10:45', 42),
   (35, '2013-1-31', '8:51', 36),
   (36, '2016-7-31', '4:31', 36),
   (37, '2015-6-30', '8:46', 38),
   (38, '2013-4-30', '5:53', 36),
   (39, '2012-4-30', '15:22', 37),
   (40, '2012-12-31', '21:49', 38),
   (41, '2015-4-30', '18:14', 41),
   (42, '2013-2-28', '14:45', 36),
   (43, '2014-9-30', '23:5', 37),
   (44, '2012-1-31', '18:37', 37),
   (45, '2016-6-30', '5:13', 36),
   (46, '2016-6-30', '7:32', 36),
   (47, '2014-5-31', '20:6', 38),
   (48, '2012-11-30', '17:41', 39),
   (49, '2012-9-30', '18:9', 36),
   (50, '2015-7-31', '11:1', 42);