INSERT INTO USERS(UiD, Username, Email, HeightFeet, HeightInches, Birthdate, Weight, Goal, Password, JoinDate, Gender, FName, Minit, LName) VALUES
   (1, 'BonetheFate727', 'AnnBenny1@gmail.com', 5, 4, '1957-4-30', 203.1, 187.9, 'kxtACNvCJGXprt', '2009-5-31', 'M', 'Ann', 'J', 'Benny'),
   (2, 'DarkSnare500', 'DeliaPalma2@mst.edu', 6, 3, '1905-2-28', 204.3, 174.5, 'nAcvsMjzY', '2013-11-30', 'M', 'Delia', 'J', 'Palma'),
   (3, 'SeekertheCompanion', 'ArlethaWeldon3@iCloud.com', 5, 0, '1915-4-30', 192.2, 165.2, 'FwMklkVlhRfTp', '2014-7-31', 'M', 'Arletha', 'C', 'Weldon'),
   (4, 'EmberCaptain', 'ErmaPeter4@apple.com', 4, 6, '1939-7-31', 157.6, 135.8, 'AwFjVcslLOEaETd', '2009-9-30', 'F', 'Erma', 'J', 'Peter'),
   (5, 'BlazeSniper467', 'GenePok5@mst.edu', 5, 10, '1997-8-31', 213.1, 190, 'BWiwvvdVTMn', '2012-1-31', 'M', 'Gene', 'S', 'Pok'),
   (6, 'BlazetheCompanion', 'ClaireConception6@mst.edu', 4, 9, '1914-12-31', 214.4, 202.5, 'TkssKevJ', '2012-10-31', 'M', 'Claire', 'O', 'Conception'),
   (7, 'PacMantheGhost824', 'CoreyHectorde7@yahoo.com', 4, 11, '1927-11-30', 157.1, 136.5, 'JahsSIJw', '1998-4-30', 'F', 'Corey', 'L', 'Hectorde'),
   (8, 'GigatheBlaze', 'ChristaHong8@yahoo.com', 5, 4, '1975-10-31', 163.7, 163.2, 'moLmjGPUL', '2016-12-31', 'F', 'Christa', 'J', 'Hong'),
   (9, 'KillerCharm', 'EvitaDan9@apple.com', 6, 10, '1957-7-31', 190.2, 160.7, 'pIyrFXcQHyu', '2005-12-31', 'M', 'Evita', 'T', 'Dan'),
   (10, 'SnaretheEater504', 'CaronWilburn10@google.com', 6, 8, '1957-3-31', 198.8, 193.7, 'GDIedXbdgDIE', '2016-11-30', 'M', 'Caron', 'L', 'Wilburn'),
   (11, 'LureFlame', 'GarfieldHarleyly11@gmail.com', 6, 2, '1988-9-30', 207.5, 198.3, 'nvltYBWMjqSO', '2013-3-31', 'M', 'Garfield', 'Q', 'Harleyly'),
   (12, 'MoontheFrozen', 'DaphneCarroll12@gmail.com', 4, 4, '1961-12-31', 191.6, 171, 'GceRbXEkNvwvF', '2003-5-31', 'M', 'Daphne', 'Z', 'Carroll'),
   (13, 'BodhiCompanion764', 'BenitaSunday13@apple.com', 4, 8, '1913-8-31', 162.9, 134.9, 'wCZJiLgBwraDn', '2006-5-31', 'F', 'Benita', 'H', 'Sunday'),
   (14, 'TalkCompanion945', 'DevonaMalena14@gmail.com', 6, 0, '1961-3-31', 194.6, 188.9, 'UhwCWeQQdanSmt', '2004-10-31', 'M', 'Devona', 'O', 'Malena'),
   (15, 'NightmaretheBodhi', 'BrandaHouston15@mst.edu', 6, 8, '1909-9-30', 215.4, 203.6, 'RfSAwMEbX', '2007-12-31', 'M', 'Branda', 'L', 'Houston'),
   (16, 'FrozenBrain585', 'ElroyZackona16@google.com', 6, 11, '1954-3-31', 182.5, 170, 'dRCWLmIoUuOl', '1998-4-30', 'M', 'Elroy', 'C', 'Zackona'),
   (17, 'AssasintheFlame131', 'EarthaRobbiny17@mst.edu', 5, 1, '1921-5-31', 183.8, 154.8, 'aGMYOQIgQyt', '2011-8-31', 'M', 'Eartha', 'A', 'Robbiny'),
   (18, 'Ember241', 'AimeeGracia18@iCloud.com', 6, 5, '1913-7-31', 211.2, 211.9, 'KnALtSztPev', '1999-12-31', 'M', 'Aimee', 'I', 'Gracia'),
   (19, 'OutlawSharp586', 'AshelyBarton19@gmail.com', 6, 1, '1962-8-31', 213.1, 212.7, 'DPmxnHYFj', '2003-11-30', 'M', 'Ashely', 'H', 'Barton'),
   (20, 'CaptainSnare', 'BroderickDelana20@apple.com', 6, 2, '1962-1-31', 163, 151.3, 'fBcPErxjTW', '2014-11-30', 'F', 'Broderick', 'F', 'Delana'),
   (21, 'EnigmatheSnare178', 'FrederickChing21@iCloud.com', 4, 10, '1984-10-31', 179.5, 157.1, 'rYTjxRlTQrlmM', '2009-5-31', 'F', 'Frederick', 'Z', 'Ching'),
   (22, 'NightmaretheDeath', 'DrucillaAbram22@mst.edu', 6, 6, '1979-6-30', 167.4, 160.5, 'nnFuBvbRZK', '2001-11-30', 'F', 'Drucilla', 'R', 'Abram'),
   (23, 'AvengerPlayboy', 'DarellCaryldraey23@gmail.com', 4, 5, '1939-7-31', 209.8, 194.9, 'aAtQedaMthj', '2007-11-30', 'M', 'Darell', 'O', 'Caryldraey'),
   (24, 'DoctorCharm842', 'CarolinaJorge24@iCloud.com', 6, 9, '1975-7-31', 193.4, 167.1, 'LSssctsb', '2008-8-31', 'M', 'Carolina', 'C', 'Jorge'),
   (25, 'Demon', 'FelishaHannahly25@yahoo.com', 5, 10, '1980-1-31', 145.9, 119.4, 'cxRSOUga', '1999-10-31', 'F', 'Felisha', 'J', 'Hannahly'),
   (26, 'SinisterBrain154', 'CasieWillisw26@gmail.com', 4, 4, '1922-6-30', 215.5, 213, 'peXskdNd', '2004-3-31', 'M', 'Casie', 'M', 'Willisw'),
   (27, 'AvengerSnare222', 'EmeliaBlanche27@yahoo.com', 4, 2, '1914-6-30', 198.5, 189.9, 'sVTdeBjDluBxxs', '2013-1-31', 'M', 'Emelia', 'J', 'Blanche'),
   (28, 'BurnWish', 'AraceliJerald28@gmail.com', 5, 10, '1990-2-28', 212.1, 212.8, 'iqkIthNMQm', '2015-2-28', 'M', 'Araceli', 'C', 'Jerald'),
   (29, 'FatetheFlame810', 'DaynaNicholas29@mst.edu', 4, 7, '1966-12-31', 167.7, 165.7, 'PmpeKMppzkzwLmw', '2016-8-31', 'F', 'Dayna', 'K', 'Nicholas'),
   (30, 'AssasintheEater651', 'AustinTyrell30@iCloud.com', 6, 4, '1907-4-30', 140.8, 120.1, 'epQiidVvx', '1999-6-30', 'F', 'Austin', 'B', 'Tyrell'),
   (31, 'AvengerEnigma623', 'BethanyPerla31@gmail.com', 4, 8, '1915-5-31', 202.9, 174.4, 'GvIrPzsphFKv', '2009-12-31', 'M', 'Bethany', 'Z', 'Perla'),
   (32, 'MoontheShadow', 'AnnelleSandy32@yahoo.com', 6, 3, '1979-5-31', 160.3, 145.9, 'EtmXDbvaGIZSy', '2011-8-31', 'F', 'Annelle', 'X', 'Sandy'),
   (33, 'WebToolFallen', 'CorrinaPaul33@gmail.com', 4, 2, '1986-8-31', 179.6, 160.2, 'bomEVyNU', '2016-4-30', 'F', 'Corrina', 'Z', 'Paul'),
   (34, 'FatetheGod246', 'DemetriusFlorance34@gmail.com', 5, 10, '1939-7-31', 192, 178, 'ehLyQfblIt', '2003-4-30', 'M', 'Demetrius', 'R', 'Florance'),
   (35, 'GodthePlayboy', 'BuffyLenard35@apple.com', 5, 4, '1941-5-31', 209.7, 205.1, 'ZdjDPoixDVA', '2011-1-31', 'M', 'Buffy', 'B', 'Lenard'),
   (36, 'InfiniteSnake', 'AlvertaHeath36@gmail.com', 6, 1, '1961-5-31', 149.9, 125.1, 'VasTfKqczhFGtI', '1998-11-30', 'F', 'Alverta', 'R', 'Heath'),
   (37, 'AssasinSniper', 'BlakeRayna37@yahoo.com', 6, 4, '1945-7-31', 170.2, 157, 'BmkydasH', '2006-9-30', 'F', 'Blake', 'K', 'Rayna'),
   (38, 'LuretheSlayer', 'ConchitaWilliemae38@mst.edu', 5, 9, '1939-3-31', 192.9, 164, 'lMRgAxPLQlrV', '2003-8-31', 'M', 'Conchita', 'V', 'Williemae'),
   (39, 'KillerFlame', 'GlynisCharliey39@gmail.com', 4, 8, '1917-4-30', 195.1, 168.4, 'HRGVpqIvRf', '2010-10-31', 'M', 'Glynis', 'Z', 'Charliey'),
   (40, 'WebToolBrain953', 'DixiePenny40@yahoo.com', 5, 11, '1928-6-30', 142.2, 138.2, 'MjxyfeijVqmEq', '2001-10-31', 'F', 'Dixie', 'Z', 'Penny'),
   (41, 'EnigmatheCaptain', 'ArdeliaCoy41@yahoo.com', 4, 6, '1971-5-31', 142.6, 121.4, 'knXzkZI', '2000-8-31', 'F', 'Ardelia', 'Q', 'Coy'),
   (42, 'EatertheSharp220', 'BrittniMarc42@google.com', 6, 0, '1901-1-31', 201.4, 188.3, 'BhVTwzKBBIbztvo', '2001-4-30', 'M', 'Brittni', 'Z', 'Marc'),
   (43, 'MistBlaze240', 'CaseyGeorgianadoly43@google.com', 5, 10, '1979-10-31', 156.7, 156.6, 'vTRfMVMxtGlFDC', '2002-1-31', 'F', 'Casey', 'F', 'Georgianadoly'),
   (44, 'FrozentheDeath863', 'CaylaHannahly44@yahoo.com', 6, 2, '1957-5-31', 194.8, 185.4, 'fEdGofyicP', '2014-9-30', 'M', 'Cayla', 'Y', 'Hannahly'),
   (45, 'GodtheSkull299', 'ConchaMose45@mst.edu', 5, 6, '1961-1-31', 204.6, 182.6, 'aKGpHtnPZs', '2007-12-31', 'M', 'Concha', 'T', 'Mose'),
   (46, 'FiretheMist886', 'FrancisOlivia46@google.com', 5, 8, '1943-1-31', 152.5, 131.4, 'PsQoPuAbtqeT', '2011-3-31', 'F', 'Francis', 'U', 'Olivia'),
   (47, 'NinjatheFlame', 'CecilyAlbertatine47@google.com', 6, 6, '1937-3-31', 181.7, 181, 'ygwKiqUWAXILluS', '2006-7-31', 'M', 'Cecily', 'W', 'Albertatine'),
   (48, 'FiretheInfinite', 'FredricGale48@gmail.com', 5, 0, '1923-7-31', 164.1, 145.2, 'KiUHYxeewKBvpJh', '2005-5-31', 'F', 'Fredric', 'C', 'Gale'),
   (49, 'OutlawtheSniper', 'DeeannTran49@mst.edu', 5, 4, '1980-3-31', 174.7, 170, 'xbGuTJZnESaYsA', '1999-9-30', 'F', 'Deeann', 'O', 'Tran'),
   (50, 'DemontheCharm', 'DaphineEstrella50@iCloud.com', 6, 3, '1924-2-29', 173, 163.2, 'zSsJYEIrAxOU', '2002-10-31', 'F', 'Daphine', 'F', 'Estrella');

INSERT INTO GROUPS(GiD, Moderator, title, startDate) VALUES
   (1, 13, 'Jesse McCoy & Bryen Douglas', '1998-12-31'),
   (2, 16, 'Los Animales Incredibles', '1924-4-30'),
   (3, 25, 'Island Boys', '1953-11-30'),
   (4, 23, 'Mix', '2007-9-30'),
   (5, 43, 'Midnight In Vegas', '2010-12-31'),
   (6, 49, 'B.A.D. Intentions', '2008-2-29'),
   (7, 12, 'James Gang', '2000-4-30'),
   (8, 50, 'Jaded Virus', '1989-4-30'),
   (9, 45, 'Bad Boys', '1929-4-30'),
   (10, 39, 'Darkside', '1992-3-31'),
   (11, 11, 'Bump-N-Grind', '2007-5-31'),
   (12, 31, 'Extreme Desire', '1961-7-31'),
   (13, 23, 'Mighty Diamonds', '1955-10-31'),
   (14, 24, 'Island Syndicate', '1917-10-31'),
   (15, 28, 'Partners In Crime', '2013-11-30'),
   (16, 43, 'EYFBO', '1947-11-30'),
   (17, 3, 'Brotherhood', '1961-5-31'),
   (18, 13, 'Midnight Delight', '1929-4-30'),
   (19, 23, 'Fabulous French Canadians', '1980-10-31'),
   (20, 7, 'Lords Of Kaos', '1907-7-31'),
   (21, 18, 'Mixtape Kings', '1937-12-31'),
   (22, 1, 'Brothers Divine', '1959-6-30'),
   (23, 24, 'Paparazzi', '1941-8-31'),
   (24, 4, 'Every Woman s Fantasy', '1910-3-31'),
   (25, 29, 'Brothers Of Construction', '1971-3-31'),
   (26, 14, 'Long Brothers', '2009-1-31'),
   (27, 24, 'Pedro Morales & Tito Santana', '1911-9-30'),
   (28, 7, 'Misfits', '1929-8-31'),
   (29, 35, '2000CC', '1945-4-30'),
   (30, 2, 'Jimmy Susumu & Jimmy Kagetora', '1930-8-31'),
   (31, 42, 'Party Gras', '1975-7-31'),
   (32, 12, 'Dean Malenko & Perry Saturn', '1902-8-31'),
   (33, 2, '8-Bit Bastards', '1931-12-31'),
   (34, 6, 'Pacifica Islanders', '1921-8-31'),
   (35, 9, 'Bruise Crew', '1919-4-30'),
   (36, 21, 'Paranormal Rockstars', '1989-3-31'),
   (37, 32, 'Hardcore Properties', '2000-4-30'),
   (38, 3, 'Hane Brothers', '1959-5-31'),
   (39, 41, 'Hammerlock Wrecking Crew', '1944-3-31'),
   (40, 34, 'Brotherhood', '1963-11-30'),
   (41, 39, 'Pain Management', '1941-6-30'),
   (42, 23, 'Bullybruisers', '1982-4-30'),
   (43, 41, 'Exterminators', '1939-10-31'),
   (44, 4, 'Gulf Coast Connection', '1915-3-31'),
   (45, 46, 'Back To The Fuzion', '1965-7-31'),
   (46, 25, 'Evolution', '2012-12-31'),
   (47, 18, 'Dargon Twins', '1910-9-30'),
   (48, 16, 'Brothers Of East LA', '1929-3-31'),
   (49, 24, 'Bunkhouse Buck & Dick Slater', '2005-6-30'),
   (50, 28, 'Paparazzi', '1972-2-29');

INSERT INTO MEMBERS(UiD, GiD) VALUES
   (33, 27),
   (30, 9),
   (49, 20),
   (24, 21),
   (9, 17),
   (2, 43),
   (48, 11),
   (34, 46),
   (31, 50),
   (48, 25),
   (21, 37),
   (8, 33),
   (48, 28),
   (6, 34),
   (46, 38),
   (4, 49),
   (15, 2),
   (49, 9),
   (28, 38),
   (37, 49),
   (34, 37),
   (13, 21),
   (32, 49),
   (1, 13),
   (30, 36),
   (24, 20),
   (21, 12),
   (33, 44),
   (36, 7),
   (38, 35),
   (31, 42),
   (3, 40),
   (11, 26),
   (12, 5),
   (31, 47),
   (36, 39),
   (7, 43),
   (44, 11),
   (50, 40),
   (15, 3),
   (34, 14),
   (14, 6),
   (2, 35),
   (43, 9),
   (5, 13),
   (3, 2),
   (13, 19),
   (30, 8),
   (8, 40),
   (39, 5);

INSERT INTO CARDIO(WiD, Duration, Title, Intensity, CaloriesBurned, UiD, AverageHeartRate, AverageSpeed, DistanceCovered) VALUES
   (1, '1:27', 'Bike', 2, 130.5, 46, 181, 11, 7),
   (2, '1:01', 'Bike', 9, 91.5, 7, 143, 3, 2),
   (3, '0:25', 'Bike', 0, 37.5, 47, 94, 13, 10),
   (4, '1:43', 'Bike', 0, 154.5, 26, 157, 20, 12),
   (5, '1:53', 'Bike', 10, 169.5, 2, 199, 6, 11),
   (6, '0:23', 'Bike', 9, 34.5, 19, 151, 14, 2),
   (7, '0:23', 'Bike', 4, 34.5, 32, 119, 8, 17),
   (8, '0:58', 'Bike', 6, 87, 49, 189, 12, 20),
   (9, '1:39', 'Bike', 3, 148.5, 45, 114, 1, 6),
   (10, '1:19', 'Bike', 10, 118.5, 15, 182, 19, 11),
   (11, '1:20', 'Bike', 7, 120, 22, 111, 2, 22),
   (12, '0:11', 'Bike', 3, 16.5, 4, 113, 2, 10),
   (13, '0:50', 'Bike', 10, 75, 1, 182, 1, 23),
   (14, '1:49', 'Bike', 4, 163.5, 27, 96, 18, 18),
   (15, '2:30', 'Bike', 8, 225, 3, 163, 16, 22),
   (16, '0:52', 'Bike', 8, 78, 17, 174, 2, 4),
   (17, '0:18', 'Bike', 5, 27, 27, 197, 5, 23),
   (18, '2:50', 'Bike', 1, 255, 36, 109, 2, 14),
   (19, '0:37', 'Bike', 10, 55.5, 19, 100, 7, 17),
   (20, '0:02', 'Bike', 5, 3, 48, 106, 16, 16),
   (21, '1:00', 'Bike', 8, 90, 3, 196, 12, 2),
   (22, '0:55', 'Bike', 10, 82.5, 2, 60, 5, 4),
   (23, '1:17', 'Bike', 0, 115.5, 35, 135, 20, 1),
   (24, '1:28', 'Bike', 2, 132, 47, 108, 9, 21),
   (25, '1:57', 'Bike', 2, 175.5, 21, 115, 18, 14),
   (26, '1:02', 'Bike', 6, 93, 17, 94, 15, 14),
   (27, '0:10', 'Bike', 5, 15, 33, 94, 4, 14),
   (28, '1:17', 'Bike', 8, 115.5, 50, 88, 5, 2),
   (29, '1:57', 'Bike', 0, 175.5, 14, 160, 1, 21),
   (30, '1:33', 'Bike', 8, 139.5, 19, 67, 15, 13),
   (31, '2:08', 'Bike', 0, 192, 45, 93, 3, 18),
   (32, '0:26', 'Bike', 8, 39, 41, 190, 15, 10),
   (33, '0:26', 'Bike', 0, 39, 32, 180, 18, 10),
   (34, '2:40', 'Bike', 4, 240, 39, 82, 7, 17),
   (35, '0:13', 'Bike', 0, 19.5, 14, 125, 13, 9),
   (36, '0:57', 'Bike', 8, 85.5, 22, 134, 6, 12),
   (37, '2:36', 'Bike', 1, 234, 41, 196, 11, 13),
   (38, '0:49', 'Bike', 7, 73.5, 16, 53, 19, 16),
   (39, '2:55', 'Bike', 3, 262.5, 33, 163, 16, 10),
   (40, '0:15', 'Bike', 3, 22.5, 11, 105, 17, 1),
   (41, '0:26', 'Bike', 7, 39, 27, 154, 6, 15),
   (42, '0:00', 'Bike', 10, 0, 16, 171, 15, 2),
   (43, '2:32', 'Bike', 4, 228, 47, 165, 9, 23),
   (44, '0:35', 'Bike', 8, 52.5, 9, 199, 20, 8),
   (45, '2:44', 'Bike', 2, 246, 8, 147, 4, 16),
   (46, '1:44', 'Bike', 7, 156, 8, 144, 17, 24),
   (47, '1:12', 'Bike', 0, 108, 43, 147, 1, 11),
   (48, '2:23', 'Bike', 0, 214.5, 49, 155, 14, 23),
   (49, '2:48', 'Bike', 6, 252, 18, 150, 4, 16),
   (50, '2:25', 'Bike', 2, 217.5, 27, 164, 10, 2);

INSERT INTO STRENGTH(WiD, Duration, Title, Intensity, CaloriesBurned, UiD, TargetZone) VALUES
   (51, '0:10', 'Standing Calf Raises', 0, 15, 10, 'Legs'),
   (52, '0:08', 'Leg Press', 0, 12, 41, 'Legs'),
   (53, '1:38', 'Triceps Extension', 8, 147, 21, 'Arms'),
   (54, '1:24', 'Standing Calf Raises', 8, 126, 28, 'Legs'),
   (55, '0:42', 'Standing Calf Raises', 9, 63, 27, 'Legs'),
   (56, '2:10', '', 4, 195, 14, 'Back'),
   (57, '1:38', 'Rows', 4, 147, 30, 'Back'),
   (58, '0:29', 'Weighted Plank', 7, 43.5, 20, 'Back'),
   (59, '0:03', 'Barbell Curls', 7, 4.5, 38, 'Arms'),
   (60, '0:53', 'Seated Cable Row', 4, 79.5, 6, 'Back'),
   (61, '1:36', 'Triceps Extension', 3, 144, 47, 'Arms'),
   (62, '2:26', 'Barbell Curls', 6, 219, 7, 'Arms'),
   (63, '1:06', '', 10, 99, 34, 'Arms'),
   (64, '2:11', 'Pushups', 3, 196.5, 5, 'Arms'),
   (65, '2:03', 'Rows', 2, 184.5, 39, 'Back'),
   (66, '0:14', 'Triceps Extension', 3, 21, 40, 'Arms'),
   (67, '1:26', 'Pushups', 8, 129, 36, 'Arms'),
   (68, '0:10', 'Barbell Curls', 10, 15, 40, 'Arms'),
   (69, '2:59', 'Seated Cable Row', 9, 268.5, 23, 'Back'),
   (70, '2:11', 'Triceps Extension', 7, 196.5, 3, 'Arms'),
   (71, '2:21', 'Leg Press', 3, 211.5, 44, 'Legs'),
   (72, '1:19', 'Weighted Plank', 3, 118.5, 38, 'Back'),
   (73, '1:23', 'Leg Press', 2, 124.5, 33, 'Legs'),
   (74, '2:25', 'Barbell Curls', 9, 217.5, 27, 'Arms'),
   (75, '2:09', 'Weighted Plank', 8, 193.5, 30, 'Back'),
   (76, '1:43', 'Lunges', 8, 154.5, 49, 'Legs'),
   (77, '0:15', 'Seated Cable Row', 5, 22.5, 3, 'Back'),
   (78, '2:12', 'Pushups', 9, 198, 4, 'Arms'),
   (79, '2:03', 'Barbell Squat', 8, 184.5, 48, 'Legs'),
   (80, '1:12', 'Triceps Extension', 5, 108, 24, 'Arms'),
   (81, '0:15', 'Lunges', 5, 22.5, 45, 'Legs'),
   (82, '0:58', 'Seated Cable Row', 4, 87, 37, 'Back'),
   (83, '1:25', 'Triceps Extension', 6, 127.5, 37, 'Arms'),
   (84, '0:16', 'Barbell Curls', 9, 24, 41, 'Arms'),
   (85, '0:40', 'Weighted Plank', 6, 60, 13, 'Back'),
   (86, '1:07', 'Triceps Extension', 7, 100.5, 21, 'Arms'),
   (87, '0:20', 'Pushups', 2, 30, 10, 'Arms'),
   (88, '2:50', '', 2, 255, 28, 'Arms'),
   (89, '1:59', 'Weighted Plank', 2, 178.5, 16, 'Back'),
   (90, '0:44', 'Standing Calf Raises', 3, 66, 2, 'Legs'),
   (91, '2:17', 'Weighted Plank', 0, 205.5, 38, 'Back'),
   (92, '0:22', 'Seated Cable Row', 8, 33, 49, 'Back'),
   (93, '2:14', 'Barbell Curls', 10, 201, 50, 'Arms'),
   (94, '2:42', 'Barbell Squat', 1, 243, 46, 'Legs'),
   (95, '1:19', 'Weighted Plank', 3, 118.5, 38, 'Back'),
   (96, '1:57', 'Rows', 7, 175.5, 38, 'Back'),
   (97, '0:21', 'Weighted Plank', 5, 31.5, 12, 'Back'),
   (98, '0:20', 'Weighted Plank', 6, 30, 4, 'Back'),
   (99, '0:06', 'Lunges', 9, 9, 36, 'Legs'),
   (100, '1:51', 'Triceps Extension', 7, 166.5, 15, 'Arms');

INSERT INTO WEIGHT(UiD, Date_stamp, Time_stamp, Weight) VALUES
   (1, '2015-9-30', '23:57', 122),
   (2, '2012-9-30', '17:29', 254),
   (3, '2014-12-31', '19:35', 250),
   (4, '2016-4-30', '11:33', 130),
   (5, '2013-2-28', '14:20', 228),
   (6, '2016-8-31', '14:5', 109),
   (7, '2014-5-31', '23:11', 123),
   (8, '2012-11-30', '15:1', 129),
   (9, '2011-12-31', '16:27', 280),
   (10, '2015-5-31', '2:45', 167),
   (11, '2015-7-31', '14:57', 168),
   (12, '2014-9-30', '3:0', 200),
   (13, '2011-12-31', '20:43', 176),
   (14, '2012-3-31', '22:45', 129),
   (15, '2014-5-31', '7:49', 136),
   (16, '2016-12-31', '1:13', 185),
   (17, '2013-3-31', '12:29', 295),
   (18, '2012-1-31', '9:14', 163),
   (19, '2014-11-30', '5:18', 245),
   (20, '2012-1-31', '22:3', 210),
   (21, '2011-3-31', '9:2', 295),
   (22, '2013-7-31', '5:33', 283),
   (23, '2013-3-31', '18:15', 177),
   (24, '2013-6-30', '4:41', 175),
   (25, '2015-5-31', '12:32', 255),
   (26, '2015-5-31', '12:20', 133),
   (27, '2013-9-30', '10:32', 261),
   (28, '2013-8-31', '6:43', 272),
   (29, '2016-9-30', '20:50', 94),
   (30, '2014-11-30', '9:20', 148),
   (31, '2016-10-31', '7:50', 217),
   (32, '2011-2-28', '18:38', 159),
   (33, '2013-12-31', '22:22', 99),
   (34, '2016-9-30', '13:7', 187),
   (35, '2015-12-31', '19:1', 113),
   (36, '2015-4-30', '16:35', 175),
   (37, '2011-7-31', '12:27', 274),
   (38, '2011-12-31', '2:35', 196),
   (39, '2011-9-30', '20:52', 191),
   (40, '2015-10-31', '15:12', 106),
   (41, '2014-8-31', '20:11', 119),
   (42, '2012-9-30', '12:57', 262),
   (43, '2014-10-31', '21:22', 216),
   (44, '2016-11-30', '19:3', 126),
   (45, '2014-5-31', '18:26', 166),
   (46, '2014-9-30', '11:12', 156),
   (47, '2013-8-31', '16:48', 253),
   (48, '2011-7-31', '3:27', 154),
   (49, '2012-3-31', '18:22', 269),
   (50, '2013-2-28', '0:45', 162);

INSERT INTO ARM(UiD, Date_stamp, Time_stamp, Arm) VALUES
   (1, '2012-5-31', '9:1', 25),
   (2, '2013-6-30', '6:26', 21),
   (3, '2014-3-31', '14:59', 25),
   (4, '2011-3-31', '5:41', 27),
   (5, '2014-8-31', '11:6', 27),
   (6, '2014-1-31', '11:26', 26),
   (7, '2015-6-30', '20:24', 24),
   (8, '2011-9-30', '17:31', 24),
   (9, '2016-6-30', '19:46', 24),
   (10, '2016-12-31', '14:14', 23),
   (11, '2011-9-30', '15:7', 24),
   (12, '2015-12-31', '0:25', 28),
   (13, '2015-2-28', '20:47', 24),
   (14, '2016-11-30', '17:14', 24),
   (15, '2012-2-29', '2:5', 23),
   (16, '2011-2-28', '14:29', 21),
   (17, '2012-1-31', '8:11', 21),
   (18, '2013-4-30', '16:42', 24),
   (19, '2012-10-31', '13:15', 24),
   (20, '2011-3-31', '12:24', 24),
   (21, '2014-7-31', '19:53', 27),
   (22, '2012-9-30', '22:13', 22),
   (23, '2013-12-31', '1:49', 26),
   (24, '2012-11-30', '1:5', 26),
   (25, '2012-8-31', '1:8', 26),
   (26, '2014-10-31', '4:26', 22),
   (27, '2011-10-31', '18:0', 29),
   (28, '2015-9-30', '21:5', 25),
   (29, '2016-8-31', '20:41', 25),
   (30, '2013-5-31', '12:59', 25),
   (31, '2014-8-31', '9:17', 25),
   (32, '2011-10-31', '1:7', 22),
   (33, '2015-12-31', '2:55', 27),
   (34, '2016-3-31', '16:43', 25),
   (35, '2014-10-31', '12:24', 25),
   (36, '2016-6-30', '3:30', 26),
   (37, '2012-12-31', '9:54', 25),
   (38, '2013-1-31', '13:31', 22),
   (39, '2013-7-31', '1:45', 25),
   (40, '2014-9-30', '1:16', 28),
   (41, '2012-8-31', '3:17', 24),
   (42, '2015-4-30', '5:31', 29),
   (43, '2015-3-31', '21:57', 29),
   (44, '2014-1-31', '20:52', 22),
   (45, '2014-6-30', '3:12', 23),
   (46, '2013-10-31', '10:36', 25),
   (47, '2011-3-31', '5:1', 25),
   (48, '2011-4-30', '16:41', 27),
   (49, '2016-11-30', '9:38', 28),
   (50, '2012-10-31', '18:10', 21);

INSERT INTO CHEST(UiD, Date_stamp, Time_stamp, Chest) VALUES
   (1, '2013-2-28', '0:12', 40),
   (2, '2012-6-30', '14:26', 41),
   (3, '2013-12-31', '11:0', 39),
   (4, '2014-6-30', '11:55', 40),
   (5, '2014-5-31', '20:2', 39),
   (6, '2016-3-31', '14:6', 41),
   (7, '2013-4-30', '15:33', 38),
   (8, '2013-2-28', '15:46', 37),
   (9, '2013-9-30', '1:18', 36),
   (10, '2014-8-31', '13:50', 41),
   (11, '2011-1-31', '18:18', 42),
   (12, '2013-8-31', '9:4', 38),
   (13, '2013-6-30', '7:48', 40),
   (14, '2016-11-30', '0:37', 38),
   (15, '2015-12-31', '5:27', 36),
   (16, '2011-1-31', '8:34', 37),
   (17, '2016-5-31', '9:57', 42),
   (18, '2013-2-28', '13:24', 42),
   (19, '2014-2-28', '7:37', 42),
   (20, '2013-3-31', '1:28', 37),
   (21, '2013-7-31', '17:8', 42),
   (22, '2014-4-30', '5:50', 40),
   (23, '2013-10-31', '1:31', 38),
   (24, '2012-1-31', '19:0', 40),
   (25, '2012-9-30', '17:48', 38),
   (26, '2015-1-31', '23:33', 42),
   (27, '2015-7-31', '11:38', 38),
   (28, '2015-3-31', '11:49', 38),
   (29, '2014-10-31', '11:32', 39),
   (30, '2013-6-30', '19:37', 40),
   (31, '2011-8-31', '12:52', 38),
   (32, '2014-10-31', '6:4', 41),
   (33, '2016-11-30', '3:47', 41),
   (34, '2016-10-31', '2:33', 42),
   (35, '2011-1-31', '22:2', 37),
   (36, '2012-3-31', '7:25', 37),
   (37, '2014-10-31', '11:32', 40),
   (38, '2013-12-31', '21:22', 37),
   (39, '2015-5-31', '9:10', 36),
   (40, '2012-5-31', '2:47', 42),
   (41, '2012-1-31', '10:10', 40),
   (42, '2014-8-31', '3:18', 36),
   (43, '2011-10-31', '16:7', 37),
   (44, '2014-10-31', '14:52', 36),
   (45, '2014-2-28', '23:15', 39),
   (46, '2014-2-28', '20:20', 36),
   (47, '2014-4-30', '20:28', 40),
   (48, '2015-4-30', '0:37', 38),
   (49, '2015-1-31', '2:6', 40),
   (50, '2013-10-31', '20:1', 41);