INSERT INTO USERS(UiD, Username, HeightFeet, HeightInches, Birthdate, Weight, Goal, Password, JoinDate, Gender, FName, Minit, LName) VALUES
   (1, 'DeadlyDeadly', 4, 9, '1913-5-31', 165.4, 145.8, 'YOvHxRCxAjS', '2000-10-31', 'F', 'Assault And Battery', 'C', 'May'),
   (2, 'LureAssasin', 4, 11, '1979-1-31', 178, 163, 'PRAOGBIBXc', '1998-12-31', 'F', 'Brotherhood', 'P', 'Yuuki'),
   (3, 'DoctortheDemon479', 4, 6, '1993-2-28', 162.6, 144.4, 'SLPBWoDLFCkMk', '2014-3-31', 'F', 'Dawg Pound', 'M', 'Marshall'),
   (4, 'Nightmarethe', 6, 6, '1951-4-30', 182.9, 158.6, 'XOSEyRbVeanJvCm', '2005-6-30', 'M', 'Lokoflex', 'L', 'Andre'),
   (5, 'SharpPlayboy', 5, 1, '1991-1-31', 160.1, 156.9, 'JIBlMiyEBc', '2001-9-30', 'F', 'Fabulous Fargos', 'B', 'Elroy'),
   (6, 'CompaniontheSkull', 5, 9, '1995-11-30', 206.1, 197.4, 'bYqRasbT', '2003-12-31', 'M', 'Midnight Gold', 'D', 'Valorie'),
   (7, 'NightmaretheMist643', 4, 1, '1944-9-30', 157.4, 140.4, 'BIAEIVAuHWnm', '2010-12-31', 'F', 'Dean Ho & Tony Garea', 'F', 'Loria'),
   (8, 'EmberSlayer940', 4, 6, '1917-4-30', 213.7, 210.6, 'MdicwNZhqhXiBE', '2011-6-30', 'M', 'Young And Strong', 'Z', 'Mora'),
   (9, 'NeotheDoctor146', 6, 2, '1957-4-30', 190.3, 185.9, 'RctPUIMMmDcBGH', '2012-12-31', 'M', 'Perfect Storm', 'F', 'Violete'),
   (10, 'GhosttheSeeker', 5, 11, '1922-9-30', 184.9, 180.5, 'QLhInzQwCqCRrg', '2008-5-31', 'M', 'Liverpool Lads', 'U', 'Winfredly'),
   (11, 'SharptheNeo', 6, 0, '1903-11-30', 190.7, 164.4, 'NhHStjDz', '2007-6-30', 'M', '1.21 Jiggawatts', 'M', 'Hassanly'),
   (12, 'EaterGhost', 4, 11, '1973-1-31', 187.1, 181.1, 'JGfivJTDwsKE', '2006-3-31', 'M', 'Harlem Heat 2000', 'C', 'Jose'),
   (13, 'FrozentheEmber59', 5, 4, '1953-11-30', 199.1, 178.8, 'EAwPSbddb', '2004-8-31', 'M', 'Dead Nation', 'M', 'Buddy'),
   (14, 'DeaththeNeo16', 4, 8, '1969-2-28', 198, 194.3, 'QAoiUtmXjnrvc', '2011-10-31', 'M', 'Yukon Moondogs', 'Y', 'Honey'),
   (15, 'SnaketheFrozen696', 6, 6, '1989-12-31', 154.7, 135.5, 'sqetkmIsbjlhrQ', '1999-4-30', 'F', 'Suicide Blondes', 'A', 'Jasperly'),
   (16, 'AvengerArrow', 6, 5, '1963-10-31', 175.1, 165.8, 'dZMVCBxffZV', '2007-4-30', 'F', 'Ivy League', 'L', 'Daltonly'),
   (17, 'BodhiSeeker', 6, 1, '1954-10-31', 190.5, 188.3, 'WpIxyakKKSDlvx', '2009-7-31', 'M', 'H Squad', 'O', 'Olive'),
   (18, 'BoneCharm', 4, 1, '1921-5-31', 172.9, 147, 'gGSnthTAUL', '2016-1-31', 'F', 'Harley s Angels', 'A', 'Sherryd'),
   (19, 'DeaththeSeeker318', 5, 11, '1953-1-31', 149.3, 135.7, 'cLPQdSXXKoQ', '2011-7-31', 'F', 'Exotic Ones', 'Q', 'Caryldraey'),
   (20, 'EaterSharp811', 4, 5, '1967-5-31', 194.9, 169.2, 'XzbTpLGDntVS', '2007-12-31', 'M', 'UK Pitbulls', 'P', 'Boyce'),
   (21, 'SkullNeo992', 6, 9, '1954-2-28', 162.6, 132.7, 'dajRQMXFy', '2016-1-31', 'F', 'Liverpool Lads', 'L', 'Patty'),
   (22, 'InfiniteFlame414', 5, 10, '1914-11-30', 210.9, 210.6, 'vDlKjTlCpelAe', '2007-2-28', 'M', 'Gunners', 'Y', 'Martin'),
   (23, 'KnighttheEmber872', 4, 9, '1934-6-30', 209.3, 180.3, 'EfNqxUAc', '2003-9-30', 'M', '2 Hot Connection', 'S', 'Rayforddo'),
   (24, 'KillerDemon', 4, 10, '1930-3-31', 158.1, 134.9, 'DKKOFcMNNDqYm', '2013-12-31', 'F', '101 Proof', 'T', 'Forest'),
   (25, 'SlayerPlayboy693', 6, 0, '1974-12-31', 156.7, 152.1, 'zbivHKAti', '2009-4-30', 'F', 'Buddy Rose & Doug Somers', 'U', 'Mohammad'),
   (26, 'BonetheWish925', 5, 5, '1937-11-30', 180.5, 178.2, 'YNJqyQbZCzQve', '2004-2-29', 'M', 'Minoru Fujita & Takuya Sugawara', 'X', 'Lucia'),
   (27, 'SkulltheFlame', 6, 6, '1981-12-31', 161.3, 153.5, 'wAChfYUts', '2002-9-30', 'F', 'Youth Gone Wild', 'D', 'Fallon'),
   (28, 'NightmareBone', 5, 11, '1954-2-28', 215.9, 205.9, 'nIjzizni', '2008-1-31', 'M', 'Lionhearts', 'N', 'Willy'),
   (29, 'CaptainSinister233', 4, 10, '1973-10-31', 181, 154.2, 'oUUjDwGfQjdSIQ', '2014-12-31', 'M', 'Extreme Militia', 'J', 'Bennie'),
   (30, 'ShadowSilver470', 4, 1, '1956-4-30', 192.9, 187.2, 'czHyeiHFDlGrP', '2002-10-31', 'M', 'David Otunga & Michael McGillicutty', 'U', 'Lourdesy'),
   (31, 'DeaththeEmber256', 4, 0, '1956-8-31', 200.3, 181.3, 'eKKcGHtqG', '2011-2-28', 'M', 'Faces Of Death', 'G', 'Dorsey'),
   (32, 'SinistertheKiller106', 5, 1, '1947-4-30', 215.3, 193.1, 'DJSLppoyrX', '2002-3-31', 'M', 'Sudden Impact', 'U', 'Lin'),
   (33, 'SnipertheSeeker', 4, 2, '1971-9-30', 190.5, 168, 'zPJZYohzinol', '2000-4-30', 'M', 'Factory', 'W', 'Craigabalty'),
   (34, 'FlametheGhost910', 4, 9, '1960-11-30', 148.8, 129.2, 'BHEPxveFRR', '2009-9-30', 'F', 'Fabulous Free Bodies', 'N', 'Brycebuck'),
   (35, 'NightmareNightmare29', 5, 2, '1951-3-31', 180, 173.7, 'TbWUvdgp', '2000-6-30', 'M', 'Los Camorra Kingz', 'V', 'Wiley'),
   (36, 'FlameGhost927', 4, 0, '1951-1-31', 153, 144.6, 'bBtgyeZrTPO', '2016-7-31', 'F', 'Austrian Eagles', 'T', 'Garth'),
   (37, 'DemontheNightmare', 6, 9, '1902-2-28', 141.7, 139.6, 'cMINbTHgmfCut', '2008-12-31', 'F', 'Ground And Pound', 'C', 'Virgie'),
   (38, 'EnigmatheBlaze', 5, 4, '1974-10-31', 181.2, 168.5, 'KIzMZrqV', '2004-10-31', 'M', 'Turbo Twins', 'M', 'Bertha'),
   (39, 'SnipertheEnigma712', 6, 7, '1901-12-31', 188.8, 175, 'JvqciGZUPQDDHy', '2009-3-31', 'M', '2 Kliq', 'V', 'Randallly'),
   (40, 'BlazeGod', 6, 7, '1987-9-30', 169.4, 145.9, 'xpefOcNn', '2005-4-30', 'F', 'Brotherhood', 'Y', 'Malloryana'),
   (41, 'SlayertheEvil500', 6, 2, '1971-7-31', 140.6, 113.8, 'shzByJHQ', '2009-11-30', 'F', '5-0', 'Y', 'Stanley'),
   (42, 'DemonBrain', 5, 0, '1963-10-31', 149.3, 137.9, 'fWUgjTGG', '2016-11-30', 'F', '1st Class Express', 'X', 'Pilar'),
   (43, 'MoontheCompanion119', 6, 10, '1925-1-31', 178.3, 178.1, 'OBaAhvzU', '2015-6-30', 'F', '101 Proof', 'V', 'Carson'),
   (44, 'Eaterthe', 6, 10, '1958-6-30', 145.4, 137.5, 'fjwLrWawTvv', '2002-9-30', 'F', 'Hardcorlando', 'L', 'Salome'),
   (45, 'SnaretheTalk15', 4, 2, '1903-5-31', 188.2, 182.8, 'YFVBVmZAPavqunp', '2007-2-28', 'M', 'Fabulous Doughboys', 'Z', 'Donnellorian'),
   (46, 'FlametheSharp899', 6, 1, '1997-7-31', 168.8, 144.2, 'rKiQPTMeGhxV', '2003-8-31', 'F', 'Rock And Roll Fantasy', 'N', 'Samaray'),
   (47, 'EvilSharp467', 4, 11, '1947-5-31', 191.5, 179.7, 'jBxkBdSV', '2012-3-31', 'M', 'Liverpool Lads', 'M', 'Vitowai'),
   (48, 'CyborgSniper693', 4, 1, '1962-9-30', 154.5, 133.5, 'sMqkbPpKTIsAEs', '2012-9-30', 'F', 'Excellence Inc.', 'X', 'Randy'),
   (49, 'FallentheDark250', 4, 4, '1916-3-31', 180, 164.8, 'TrLsmWjaK', '2000-1-31', 'F', 'Young Guns', 'N', 'Pollyny'),
   (50, 'SilverAssasin126', 5, 0, '1962-6-30', 196.7, 169.3, 'vEuhrGwwZlalaBa', '2009-7-31', 'M', 'Twin Turbo', 'A', 'Alexandriay');

INSERT INTO GROUPS(GiD, Moderator, title, startDate) VALUES
   (1, 45, '100% Pure', '1943-1-31'),
   (2, 1, 'Evans Boys', '2011-7-31'),
   (3, 34, 'Backstreet Hit Squad', '1926-3-31'),
   (4, 23, 'Awesome Twosome', '1971-6-30'),
   (5, 44, 'Paynefully Large', '1994-12-31'),
   (6, 6, 'Rocker Boy I & Rocker Boy II', '1914-4-30'),
   (7, 25, 'Loose Bastards', '1951-10-31'),
   (8, 20, 'Fabulous Gangstas', '1937-1-31'),
   (9, 46, 'Rock And Roid Express', '1926-12-31'),
   (10, 39, 'ParcelForce', '1950-1-31'),
   (11, 49, 'Paynefully Large', '1958-7-31'),
   (12, 31, 'Islanders', '2012-12-31'),
   (13, 23, 'Faces Of Fear', '1906-2-28'),
   (14, 10, 'Death And Destruction', '1977-12-31'),
   (15, 17, 'Outsiders', '1986-12-31'),
   (16, 40, 'Dark Regime', '1913-12-31'),
   (17, 11, 'Bumrush Brothers', '1997-12-31'),
   (18, 22, 'Dean Ho & Tony Garea', '1976-6-30'),
   (19, 41, 'Local Boys', '1905-9-30'),
   (20, 24, '2 Guys Hanging Out', '1964-5-31'),
   (21, 38, 'Los Angeles Infernales', '1942-7-31'),
   (22, 46, 'Awesome Kong & Hamada', '1985-12-31'),
   (23, 1, 'Los Aereos', '1954-1-31'),
   (24, 7, 'Party Express', '1919-6-30'),
   (25, 40, 'Misled Youth', '1953-7-31'),
   (26, 25, '2 Guys 1 Team', '1959-5-31'),
   (27, 49, 'Mind Over Matter', '1972-8-31'),
   (28, 27, '2 Hot 2 Furious', '1979-5-31'),
   (29, 37, '69ers', '2006-10-31'),
   (30, 15, 'Mitsuharu Misawa & Toshiaki Kawada', '1959-5-31'),
   (31, 47, 'Outsiders', '1966-11-30'),
   (32, 48, 'Minute Men', '2004-9-30'),
   (33, 8, 'Island Warriors', '1921-11-30'),
   (34, 41, 'Pajama Boyz Revolution', '1968-9-30'),
   (35, 11, 'Axemen', '2006-5-31'),
   (36, 41, 'James Gang', '1966-8-31'),
   (37, 47, 'Executioners', '2015-11-30'),
   (38, 22, '#ZombieKillers', '2007-6-30'),
   (39, 5, 'Hardcore Mafia', '1900-2-28'),
   (40, 23, 'Awesome Threesome', '1969-3-31'),
   (41, 39, '2AM', '1906-4-30'),
   (42, 39, 'London Riots', '1992-6-30'),
   (43, 10, 'Party Boys', '1946-1-31'),
   (44, 24, 'Brotherhood', '1982-5-31'),
   (45, 15, 'Fabulous Ones', '1970-4-30'),
   (46, 2, 'Hard Candy', '1964-4-30'),
   (47, 43, 'Dark City Fight Club', '1930-1-31'),
   (48, 31, 'Los Amos de las Tormentas', '1923-3-31'),
   (49, 41, 'Mike Barton & Wolf Hawkfield', '1974-12-31'),
   (50, 2, 'Fabulous Ones', '1987-12-31');

INSERT INTO MEMBERS(UiD, GiD) VALUES
   (1, 32),
   (21, 27),
   (8, 18),
   (39, 48),
   (30, 44),
   (19, 17),
   (35, 33),
   (35, 5),
   (22, 12),
   (30, 17),
   (49, 46),
   (35, 1),
   (14, 27),
   (8, 20),
   (36, 21),
   (1, 50),
   (13, 42),
   (20, 3),
   (4, 29),
   (19, 26),
   (4, 46),
   (36, 14),
   (37, 19),
   (32, 49),
   (6, 41),
   (46, 42),
   (29, 17),
   (4, 42),
   (22, 27),
   (37, 30),
   (26, 13),
   (49, 18),
   (50, 9),
   (16, 6),
   (5, 41),
   (46, 21),
   (6, 46),
   (27, 12),
   (1, 9),
   (3, 11),
   (35, 18),
   (42, 7),
   (30, 7),
   (36, 22),
   (35, 20),
   (22, 23),
   (28, 34),
   (45, 27),
   (21, 7),
   (26, 31);

INSERT INTO CARDIO(WiD, Duration, Title, Intensity, CaloriesBurned, UiD, AverageHeartRate, AverageSpeed, DistanceCovered) VALUES
   (1, '2:31', 'Bike', 3, 226.5, 23, 117, 8, 14),
   (2, '2:49', 'Bike', 1, 253.5, 12, 194, 18, 23),
   (3, '0:39', 'Bike', 5, 58.5, 50, 138, 1, 20),
   (4, '1:07', 'Bike', 6, 100.5, 40, 114, 8, 10),
   (5, '2:48', 'Bike', 6, 252, 25, 181, 1, 15),
   (6, '2:45', 'Bike', 1, 247.5, 7, 126, 10, 23),
   (7, '1:45', 'Bike', 8, 157.5, 6, 102, 4, 17),
   (8, '1:02', 'Bike', 3, 93, 32, 150, 17, 22),
   (9, '0:55', 'Bike', 7, 82.5, 14, 124, 6, 7),
   (10, '2:32', 'Bike', 9, 228, 46, 96, 18, 23),
   (11, '2:02', 'Bike', 6, 183, 7, 155, 10, 12),
   (12, '1:38', 'Bike', 4, 147, 20, 107, 7, 7),
   (13, '1:49', 'Bike', 7, 163.5, 8, 108, 13, 5),
   (14, '2:08', 'Bike', 3, 192, 46, 139, 16, 6),
   (15, '2:02', 'Bike', 6, 183, 44, 184, 3, 18),
   (16, '2:42', 'Bike', 2, 243, 34, 188, 1, 21),
   (17, '1:48', 'Bike', 8, 162, 47, 67, 9, 14),
   (18, '2:27', 'Bike', 8, 220.5, 4, 192, 15, 4),
   (19, '0:16', 'Bike', 9, 24, 44, 65, 8, 16),
   (20, '2:05', 'Bike', 3, 187.5, 24, 189, 10, 7),
   (21, '2:01', 'Bike', 4, 181.5, 12, 160, 1, 24),
   (22, '0:52', 'Bike', 6, 78, 1, 160, 16, 17),
   (23, '0:26', 'Bike', 3, 39, 15, 143, 12, 15),
   (24, '0:55', 'Bike', 1, 82.5, 47, 65, 20, 7),
   (25, '2:11', 'Bike', 4, 196.5, 29, 175, 20, 22),
   (26, '1:51', 'Bike', 6, 166.5, 19, 148, 4, 22),
   (27, '1:34', 'Bike', 8, 141, 10, 168, 7, 13),
   (28, '0:36', 'Bike', 0, 54, 41, 77, 16, 19),
   (29, '2:57', 'Bike', 1, 265.5, 3, 105, 17, 7),
   (30, '2:06', 'Bike', 5, 189, 9, 68, 1, 1),
   (31, '1:49', 'Bike', 3, 163.5, 44, 150, 18, 16),
   (32, '0:29', 'Bike', 3, 43.5, 34, 138, 16, 6),
   (33, '0:01', 'Bike', 5, 1.5, 17, 107, 3, 19),
   (34, '2:58', 'Bike', 5, 267, 50, 104, 15, 8),
   (35, '2:01', 'Bike', 4, 181.5, 38, 174, 4, 9),
   (36, '2:04', 'Bike', 4, 186, 14, 188, 2, 11),
   (37, '2:29', 'Bike', 2, 223.5, 37, 105, 1, 11),
   (38, '2:52', 'Bike', 7, 258, 2, 91, 9, 17),
   (39, '1:33', 'Bike', 8, 139.5, 27, 171, 15, 3),
   (40, '2:50', 'Bike', 10, 255, 9, 127, 20, 17),
   (41, '1:03', 'Bike', 0, 94.5, 9, 134, 11, 17),
   (42, '1:32', 'Bike', 2, 138, 37, 58, 18, 13),
   (43, '1:39', 'Bike', 3, 148.5, 16, 100, 16, 7),
   (44, '1:37', 'Bike', 0, 145.5, 48, 191, 11, 7),
   (45, '0:58', 'Bike', 4, 87, 48, 172, 18, 6),
   (46, '1:47', 'Bike', 9, 160.5, 49, 129, 7, 12),
   (47, '1:44', 'Bike', 2, 156, 27, 68, 18, 10),
   (48, '1:50', 'Bike', 10, 165, 11, 53, 20, 25),
   (49, '2:59', 'Bike', 1, 268.5, 24, 200, 3, 25),
   (50, '1:33', 'Bike', 3, 139.5, 46, 86, 10, 19);

INSERT INTO STRENGTH(WiD, Duration, Title, Intensity, CaloriesBurned, UiD, TargetZone) VALUES
   (51, '2:14', 'Rows', 6, 201, 49, 'Back'),
   (52, '0:31', 'Rows', 8, 46.5, 39, 'Back'),
   (53, '0:45', 'Seated Cable Row', 4, 67.5, 30, 'Back'),
   (54, '0:29', 'Barbell Curls', 3, 43.5, 49, 'Arms'),
   (55, '2:55', 'Seated Cable Row', 5, 262.5, 25, 'Back'),
   (56, '2:25', 'Weighted Plank', 9, 217.5, 7, 'Back'),
   (57, '0:12', 'Pushups', 6, 18, 33, 'Arms'),
   (58, '0:26', 'Seated Cable Row', 6, 39, 12, 'Back'),
   (59, '2:35', 'Seated Cable Row', 10, 232.5, 34, 'Back'),
   (60, '0:13', 'Seated Cable Row', 8, 19.5, 41, 'Back'),
   (61, '1:06', 'Seated Cable Row', 9, 99, 46, 'Back'),
   (62, '0:40', 'Pushups', 6, 60, 16, 'Arms'),
   (63, '0:36', 'Barbell Curls', 7, 54, 7, 'Arms'),
   (64, '1:14', 'Rows', 5, 111, 19, 'Back'),
   (65, '1:10', 'Standing Calf Raises', 0, 105, 30, 'Legs'),
   (66, '1:10', 'Seated Cable Row', 4, 105, 45, 'Back'),
   (67, '1:45', 'Barbell Curls', 6, 157.5, 31, 'Arms'),
   (68, '1:51', 'Leg Press', 2, 166.5, 45, 'Legs'),
   (69, '1:18', 'Weighted Plank', 0, 117, 41, 'Back'),
   (70, '0:26', 'Seated Cable Row', 8, 39, 47, 'Back'),
   (71, '1:04', 'Triceps Extension', 7, 96, 20, 'Arms'),
   (72, '1:19', 'Barbell Squat', 0, 118.5, 42, 'Legs'),
   (73, '2:43', 'Barbell Squat', 4, 244.5, 50, 'Legs'),
   (74, '0:41', 'Rows', 6, 61.5, 38, 'Back'),
   (75, '2:34', 'Weighted Plank', 0, 231, 8, 'Back'),
   (76, '2:56', 'Barbell Squat', 6, 264, 30, 'Legs'),
   (77, '0:55', 'Seated Cable Row', 0, 82.5, 34, 'Back'),
   (78, '1:36', 'Seated Cable Row', 3, 144, 21, 'Back'),
   (79, '0:52', 'Lunges', 4, 78, 8, 'Legs'),
   (80, '1:53', '', 3, 169.5, 23, 'Back'),
   (81, '2:26', 'Pushups', 5, 219, 48, 'Arms'),
   (82, '2:26', 'Seated Cable Row', 3, 219, 32, 'Back'),
   (83, '1:50', 'Standing Calf Raises', 10, 165, 2, 'Legs'),
   (84, '1:43', 'Barbell Curls', 5, 154.5, 11, 'Arms'),
   (85, '1:27', 'Pushups', 6, 130.5, 5, 'Arms'),
   (86, '0:57', 'Seated Cable Row', 9, 85.5, 3, 'Back'),
   (87, '0:53', 'Seated Cable Row', 1, 79.5, 40, 'Back'),
   (88, '0:18', 'Triceps Extension', 4, 27, 10, 'Arms'),
   (89, '1:22', '', 2, 123, 38, 'Back'),
   (90, '1:04', 'Barbell Curls', 6, 96, 36, 'Arms'),
   (91, '0:29', 'Triceps Extension', 9, 43.5, 31, 'Arms'),
   (92, '1:11', 'Triceps Extension', 5, 106.5, 41, 'Arms'),
   (93, '2:42', 'Leg Press', 9, 243, 30, 'Legs'),
   (94, '1:16', 'Pushups', 1, 114, 3, 'Arms'),
   (95, '0:55', 'Lunges', 10, 82.5, 19, 'Legs'),
   (96, '0:06', 'Seated Cable Row', 8, 9, 3, 'Back'),
   (97, '0:30', 'Barbell Curls', 3, 45, 28, 'Arms'),
   (98, '2:09', 'Pushups', 2, 193.5, 42, 'Arms'),
   (99, '1:46', 'Seated Cable Row', 10, 159, 30, 'Back'),
   (100, '0:07', 'Rows', 10, 10.5, 37, 'Back');

INSERT INTO WEIGHT(UiD, Date_stamp, Time_stamp, Weight) VALUES
   (1, '2014-1-31', '0:2', 241),
   (2, '2013-9-30', '5:16', 142),
   (3, '2012-6-30', '15:10', 296),
   (4, '2012-6-30', '11:22', 110),
   (5, '2011-3-31', '19:39', 182),
   (6, '2014-11-30', '11:38', 292),
   (7, '2015-11-30', '5:30', 279),
   (8, '2012-3-31', '13:49', 116),
   (9, '2012-10-31', '1:20', 116),
   (10, '2016-12-31', '19:3', 261),
   (11, '2016-6-30', '10:21', 281),
   (12, '2016-5-31', '20:59', 154),
   (13, '2016-9-30', '7:26', 247),
   (14, '2012-10-31', '11:52', 178),
   (15, '2013-5-31', '4:12', 126),
   (16, '2012-12-31', '0:18', 176),
   (17, '2015-7-31', '5:10', 205),
   (18, '2016-7-31', '6:44', 194),
   (19, '2015-7-31', '13:49', 294),
   (20, '2016-10-31', '3:58', 292),
   (21, '2013-2-28', '19:44', 216),
   (22, '2015-1-31', '23:14', 263),
   (23, '2013-7-31', '1:17', 186),
   (24, '2012-4-30', '7:24', 137),
   (25, '2011-12-31', '15:20', 131),
   (26, '2013-6-30', '5:22', 248),
   (27, '2016-3-31', '20:21', 99),
   (28, '2012-1-31', '3:35', 116),
   (29, '2016-8-31', '19:17', 199),
   (30, '2014-3-31', '20:11', 185),
   (31, '2015-2-28', '7:27', 233),
   (32, '2015-5-31', '5:39', 116),
   (33, '2011-7-31', '11:8', 282),
   (34, '2012-2-29', '0:46', 109),
   (35, '2013-2-28', '9:57', 130),
   (36, '2015-6-30', '21:8', 154),
   (37, '2011-10-31', '9:22', 159),
   (38, '2011-10-31', '22:1', 172),
   (39, '2013-7-31', '23:40', 102),
   (40, '2014-9-30', '9:15', 253),
   (41, '2012-12-31', '22:47', 147),
   (42, '2015-5-31', '16:45', 284),
   (43, '2014-5-31', '8:20', 250),
   (44, '2011-11-30', '0:8', 191),
   (45, '2016-12-31', '11:13', 192),
   (46, '2011-11-30', '22:35', 143),
   (47, '2015-6-30', '16:48', 178),
   (48, '2014-4-30', '21:11', 178),
   (49, '2011-12-31', '11:14', 110),
   (50, '2013-8-31', '4:25', 231);

INSERT INTO ARM(UiD, Date_stamp, Time_stamp, Arm) VALUES
   (1, '2012-5-31', '17:35', 26),
   (2, '2016-5-31', '1:36', 24),
   (3, '2011-3-31', '4:26', 28),
   (4, '2011-8-31', '10:12', 26),
   (5, '2012-7-31', '11:36', 27),
   (6, '2013-2-28', '13:26', 21),
   (7, '2013-4-30', '10:21', 26),
   (8, '2014-5-31', '3:48', 25),
   (9, '2016-3-31', '12:49', 29),
   (10, '2014-8-31', '2:19', 22),
   (11, '2012-8-31', '20:40', 26),
   (12, '2013-10-31', '12:26', 24),
   (13, '2015-2-28', '22:26', 29),
   (14, '2015-6-30', '23:29', 24),
   (15, '2012-12-31', '0:57', 21),
   (16, '2013-12-31', '23:32', 24),
   (17, '2011-4-30', '5:35', 27),
   (18, '2011-11-30', '1:33', 24),
   (19, '2016-7-31', '3:22', 21),
   (20, '2013-8-31', '21:17', 21),
   (21, '2012-7-31', '22:25', 24),
   (22, '2013-6-30', '17:9', 23),
   (23, '2012-4-30', '21:11', 21),
   (24, '2012-12-31', '1:9', 25),
   (25, '2013-8-31', '8:15', 29),
   (26, '2015-2-28', '0:38', 24),
   (27, '2013-10-31', '7:3', 24),
   (28, '2014-12-31', '7:27', 29),
   (29, '2014-11-30', '18:8', 29),
   (30, '2011-8-31', '20:42', 28),
   (31, '2013-1-31', '16:2', 28),
   (32, '2011-7-31', '22:58', 28),
   (33, '2015-10-31', '10:25', 21),
   (34, '2015-8-31', '14:1', 29),
   (35, '2011-8-31', '8:43', 25),
   (36, '2013-8-31', '11:45', 23),
   (37, '2016-8-31', '8:10', 22),
   (38, '2016-9-30', '4:41', 29),
   (39, '2013-4-30', '12:2', 23),
   (40, '2011-6-30', '4:24', 28),
   (41, '2014-7-31', '1:33', 28),
   (42, '2016-1-31', '20:52', 27),
   (43, '2015-11-30', '2:38', 24),
   (44, '2012-5-31', '9:10', 29),
   (45, '2014-5-31', '21:40', 22),
   (46, '2014-8-31', '11:50', 23),
   (47, '2013-1-31', '1:2', 25),
   (48, '2014-8-31', '0:43', 27),
   (49, '2015-5-31', '13:3', 29),
   (50, '2011-8-31', '17:58', 25);

INSERT INTO CHEST(UiD, Date_stamp, Time_stamp, Chest) VALUES
   (1, '2013-6-30', '20:49', 37),
   (2, '2013-3-31', '22:7', 41),
   (3, '2012-1-31', '12:16', 37),
   (4, '2014-9-30', '5:46', 40),
   (5, '2011-12-31', '9:3', 41),
   (6, '2012-6-30', '2:15', 36),
   (7, '2014-7-31', '17:17', 41),
   (8, '2011-8-31', '20:39', 36),
   (9, '2016-8-31', '13:34', 38),
   (10, '2014-7-31', '11:4', 40),
   (11, '2014-6-30', '9:53', 37),
   (12, '2012-2-29', '12:6', 40),
   (13, '2016-4-30', '1:50', 42),
   (14, '2016-5-31', '2:3', 40),
   (15, '2012-8-31', '18:13', 36),
   (16, '2012-12-31', '20:4', 42),
   (17, '2011-4-30', '18:31', 40),
   (18, '2016-3-31', '4:11', 36),
   (19, '2011-4-30', '19:9', 39),
   (20, '2011-12-31', '5:34', 37),
   (21, '2012-7-31', '0:6', 38),
   (22, '2014-7-31', '22:0', 36),
   (23, '2013-10-31', '14:54', 42),
   (24, '2011-11-30', '1:12', 37),
   (25, '2011-10-31', '0:23', 40),
   (26, '2016-2-29', '18:19', 41),
   (27, '2013-7-31', '9:20', 42),
   (28, '2011-4-30', '16:36', 40),
   (29, '2013-11-30', '6:59', 39),
   (30, '2016-12-31', '6:44', 37),
   (31, '2014-8-31', '11:58', 39),
   (32, '2011-12-31', '16:1', 41),
   (33, '2013-9-30', '6:20', 39),
   (34, '2015-9-30', '4:42', 42),
   (35, '2012-4-30', '14:0', 40),
   (36, '2013-4-30', '1:46', 39),
   (37, '2012-5-31', '10:4', 42),
   (38, '2015-11-30', '4:38', 38),
   (39, '2015-6-30', '4:6', 36),
   (40, '2015-8-31', '22:57', 42),
   (41, '2016-5-31', '16:39', 40),
   (42, '2014-10-31', '4:28', 41),
   (43, '2014-4-30', '0:30', 37),
   (44, '2011-2-28', '3:9', 38),
   (45, '2015-5-31', '8:38', 38),
   (46, '2011-1-31', '9:14', 37),
   (47, '2015-10-31', '6:33', 39),
   (48, '2014-6-30', '0:39', 37),
   (49, '2013-7-31', '4:32', 37),
   (50, '2011-1-31', '22:30', 40);

